{"cameraMode":{"drawMode":0,"name":"Shaded","section":"Shading Mode"},"sceneLighting":true,"audioPlay":false,"sceneViewState":{"showFog":true,"showMaterialUpdate":false,"showSkybox":true,"showFlares":true,"showImageEffects":true,"showParticleSystems":true},"in2DMode":false,"pivot":{"x":-0.8372220396995544,"y":0.2041064351797104,"z":0.02265266142785549},"rotation":{"x":0.02019737847149372,"y":0.7125077247619629,"z":-0.7010741829872131,"w":0.020526278764009477},"size":4.038038730621338,"orthographic":false}